Restaurant_ID,cuisine_id
1,050
1,142
2,050
3,050
4,050
5,142
5,050
6,043
7,043
7,050
8,143
8,050
9,043
10,050
11,050
12,043
13,084
14,142
15,141
16,143
17,084
18,050
18,046
19,210
20,229
21,029
22,085
23,029
24,113
25,029
26,206
27,085
28,029
29,029
30,085
31,050
32,050
33,050
33,108
34,050
35,050
36,142
37,050
38,050
38,222
39,050
39,222
40,050
41,050
42,084
43,038
44,117
45,117
46,084
47,084
48,117
49,084
50,117
51,206
52,117
53,117
54,122
55,122
56,142
56,113
57,050
58,050
58,046
59,050
60,142
60,046
61,050
61,002
62,050
62,108
63,142
64,050
64,142
65,050
65,178
66,142
66,046
67,108
68,108
69,117
70,108
71,117
72,117
73,117
74,117
75,117
76,117
77,117
78,046
78,084
79,046
79,026
80,046
80,026
81,046
81,084
82,009
82,046
83,046
83,026
84,142
85,142
85,050
86,050
86,046
87,050
88,085
89,084
90,080
91,029
92,046
92,108
93,046
93,084
94,117
94,206
95,178
96,046
97,046
97,050
98,004
98,084
99,142
100,142
101,043
102,043
103,050
103,048
104,136
104,142
105,050
106,042
107,042
108,050
108,142
109,050
110,050
110,169
111,050
112,050
112,142
113,050
114,050
115,050
116,050
117,050
117,142
118,042
119,142
120,142
121,142
122,050
123,142
124,050
125,050
126,050
127,142
128,142
129,178
130,178
131,050
132,050
133,050
134,050
135,142
135,042
136,050
136,142
137,142
137,050
138,142
138,118
139,142
139,050
140,050
141,050
142,050
142,048
143,050
143,042
144,050
144,169
145,043
145,042
146,043
147,052
147,042
148,050
148,043
149,142
149,109
150,009
150,050
151,050
151,108
152,050
152,042
153,050
153,142
154,050
155,043
156,052
156,042
157,050
157,085
158,050
158,142
159,136
159,050
160,142
160,050
161,052
161,042
162,143
162,050
163,050
164,043
164,042
165,050
165,134
166,142
166,109
167,050
168,142
168,043
169,043
170,042
170,136
171,143
171,050
172,050
172,046
173,043
174,043
175,042
175,142
176,142
177,050
177,042
178,052
179,108
179,134
180,143
180,050
181,050
182,142
183,143
184,142
185,050
186,141
187,143
188,084
189,050
190,050
191,051
192,141
193,084
194,143
195,050
196,050
197,142
198,221
199,038
200,050
201,142
202,084
203,050
204,050
205,142
206,050
206,046
207,050
208,142
209,036
210,182
211,018
212,186
213,117
214,085
215,103
215,186
216,029
217,085
218,108
219,029
220,085
221,113
222,029
223,085
224,029
225,029
226,108
227,108
228,108
229,186
230,198
231,085
232,215
233,085
234,080
235,085
236,178
237,050
238,050
239,142
240,050
241,050
242,050
243,050
244,050
245,050
246,050
246,032
247,050
248,050
249,050
250,142
251,050
252,050
253,050
254,050
255,050
256,050
256,142
257,050
257,136
258,142
259,050
260,050
261,046
262,050
263,050
264,050
265,050
266,050
267,050
268,050
269,142
270,050
271,050
272,050
273,142
274,050
275,142
276,084
277,206
278,117
279,117
280,084
281,184
282,084
283,113
284,117
285,211
286,206
287,084
288,117
289,117
290,084
291,084
292,206
293,084
294,084
295,084
296,087
297,206
298,117
299,117
300,206
301,084
302,084
303,117
304,206
305,108
306,117
307,117
308,084
309,206
310,199
311,117
312,117
313,211
314,211
315,117
316,206
317,206
318,108
319,046
320,108
321,122
322,122
323,046
324,142
325,050
325,113
326,050
326,142
327,050
327,046
328,050
328,187
329,050
329,169
330,050
330,136
331,050
332,142
333,136
333,113
334,178
334,142
335,050
335,113
336,050
336,046
337,050
337,113
338,050
339,050
340,050
340,187
341,050
341,142
342,142
342,046
343,163
343,169
344,050
345,050
345,046
346,050
347,050
347,113
348,142
348,046
349,050
349,046
350,050
351,050
352,042
353,142
354,114
354,142
355,046
355,142
356,050
356,169
357,050
357,136
358,050
359,050
359,108
360,050
360,046
361,050
361,046
362,084
363,029
364,113
365,085
366,113
367,029
368,029
369,029
370,210
371,117
372,211
373,117
374,108
375,206
376,117
377,084
378,206
379,108
380,211
381,117
382,117
383,117
384,117
385,117
386,117
387,117
388,117
389,117
390,117
391,117
392,117
393,108
394,117
395,117
396,117
397,117
398,117
399,117
400,117
401,026
401,050
402,046
403,178
404,117
404,206
405,046
405,084
406,046
407,084
408,117
408,178
409,117
409,046
410,046
410,142
411,046
411,004
412,026
412,046
413,105
413,046
414,113
414,046
415,046
415,026
416,138
416,046
417,050
417,169
418,080
419,029
420,029
421,050
421,048
422,050
423,050
424,050
425,050
426,050
427,042
428,142
429,142
430,050
431,143
431,179
432,108
433,206
434,029
434,186
435,085
436,118
437,022
438,118
439,010
440,108
441,206
442,085
443,101
443,186
444,108
445,108
446,046
447,004
447,046
448,046
449,122
449,046
450,046
451,046
451,085
452,046
453,122
453,046
454,046
454,003
455,176
455,046
456,084
457,084
458,176
458,046
459,046
459,005
460,046
460,142
461,046
461,142
462,046
462,005
463,046
464,046
465,046
466,143
466,232
467,050
467,143
468,050
469,050
470,050
471,050
472,050
473,050
474,050
475,050
476,050
477,050
478,048
478,142
479,142
480,052
481,050
482,050
482,179
483,142
484,050
484,142
485,143
485,084
486,113
487,050
488,136
489,050
490,050
491,043
491,134
492,050
493,050
493,142
494,050
494,108
495,143
495,084
496,050
496,142
497,042
497,050
498,142
498,179
499,050
499,134
500,050
501,143
501,046
502,043
502,042
503,050
504,043
505,142
505,134
506,142
506,136
507,050
508,050
509,142
510,050
511,142
512,050
512,142
513,050
514,142
515,050
516,050
517,142
518,050
519,042
520,142
521,142
521,050
522,142
522,050
523,142
524,042
525,142
526,050
527,042
528,142
529,142
530,042
531,142
532,050
533,142
534,050
534,178
535,136
536,050
536,142
537,042
538,042
539,117
539,050
540,050
541,050
541,142
542,142
543,050
544,042
545,050
546,050
546,142
547,050
548,042
549,050
550,142
550,050
551,142
552,050
553,050
554,050
555,142
556,142
557,142
558,050
559,142
559,050
560,050
560,178
561,050
562,050
563,050
563,136
564,142
565,050
566,042
567,050
568,142
569,050
570,050
571,050
572,142
573,142
574,050
575,142
575,050
576,042
577,142
578,050
579,050
580,142
581,050
581,158
582,050
583,043
583,222
584,143
584,142
585,052
586,050
587,050
587,142
588,050
588,142
589,050
590,142
591,050
591,142
592,050
593,050
594,142
595,042
596,052
597,222
598,050
599,143
600,050
601,046
602,050
602,142
603,011
603,050
604,050
605,117
606,142
607,050
608,142
608,050
609,117
609,206
610,042
610,142
611,143
611,050
612,050
612,117
613,142
613,169
614,089
614,117
615,143
616,043
616,046
617,142
618,143
618,169
619,134
619,109
620,142
620,011
621,142
621,050
622,042
622,142
623,142
623,134
624,085
625,108
625,142
626,143
626,046
627,050
627,142
628,142
628,050
629,043
629,134
630,142
630,179
631,143
632,142
632,173
633,142
634,050
634,109
635,042
635,179
636,052
636,042
637,085
637,142
638,142
638,134
639,113
639,136
640,050
640,134
641,011
641,043
642,042
642,142
643,042
644,084
644,109
645,142
645,109
646,142
646,134
647,113
648,142
649,143
649,042
650,042
651,043
651,134
652,143
652,179
653,050
654,134
654,042
655,050
656,142
656,042
657,142
658,117
659,143
660,142
660,109
661,143
662,142
662,109
663,142
663,109
664,143
664,048
665,050
665,142
666,042
666,142
667,042
667,134
668,143
668,042
669,142
669,048
670,109
670,134
671,084
671,050
672,043
672,169
673,143
674,134
674,142
675,050
675,142
676,136
676,095
677,142
678,142
678,143
679,050
679,046
680,043
681,142
681,134
682,050
682,142
683,142
683,042
684,042
685,042
685,134
686,142
686,042
687,050
687,142
688,050
688,142
689,050
689,134
690,042
690,142
691,042
691,142
692,042
692,046
693,043
694,117
694,118
695,143
696,142
696,134
697,042
697,136
698,043
699,042
699,136
700,042
701,050
701,142
702,009
702,089
703,043
703,136
704,052
704,134
705,043
705,142
706,050
706,179
707,143
708,142
708,048
709,046
709,143
710,050
711,142
711,042
712,142
712,109
713,142
714,042
714,143
715,143
715,109
716,050
717,042
717,142
718,143
718,109
719,215
720,143
720,134
721,043
721,134
722,050
722,042
723,050
723,136
724,043
724,179
725,042
726,050
727,142
727,109
728,113
728,136
729,043
730,050
730,142
731,050
732,142
732,109
733,142
733,050
734,050
734,134
735,143
735,042
736,043
736,179
737,042
737,169
738,050
738,084
739,142
740,050
740,142
741,052
741,142
742,042
743,042
743,142
744,229
745,050
745,143
746,048
746,042
747,050
747,042
748,142
748,050
749,050
749,142
750,050
750,134
751,143
751,050
752,142
752,050
753,142
753,134
754,143
755,042
755,142
756,142
757,042
757,136
758,142
758,050
759,050
759,042
760,134
760,136
761,117
761,206
762,050
763,043
763,134
764,043
765,043
765,142
766,143
767,043
767,109
768,050
768,134
769,050
769,042
770,142
770,050
771,050
771,169
772,084
773,143
774,112
774,142
775,042
775,085
776,142
777,228
777,050
778,142
778,109
779,050
779,150
780,050
780,142
781,043
782,142
782,050
783,142
783,089
784,142
784,109
785,042
786,050
787,142
788,043
789,109
789,042
790,136
791,142
792,009
792,142
793,142
793,109
794,042
794,109
795,050
795,142
796,042
796,134
797,143
797,050
798,143
798,050
799,142
800,042
801,142
801,050
802,142
802,134
803,229
804,142
805,142
805,134
806,143
806,050
807,143
808,085
808,052
809,143
809,046
810,043
811,142
811,136
812,134
812,042
813,050
813,142
814,142
814,048
815,050
816,169
816,142
817,142
817,050
818,117
818,142
819,046
819,043
820,052
820,142
821,042
821,134
822,142
822,048
823,143
824,142
824,134
825,142
825,109
826,143
827,178
827,142
828,142
829,142
829,109
830,143
831,046
831,042
832,050
832,142
833,050
833,142
834,042
834,050
835,142
836,142
836,050
837,108
837,109
838,142
838,050
839,050
840,043
840,136
841,142
841,050
842,043
842,109
843,052
844,142
844,109
845,050
845,134
846,142
846,050
847,142
847,134
848,142
849,050
850,050
850,142
851,142
851,050
852,136
852,134
853,050
853,142
854,134
855,050
855,142
856,143
857,143
857,050
858,048
859,142
859,050
860,050
860,048
861,050
861,089
862,142
862,084
863,142
863,109
864,043
864,042
865,143
865,109
866,050
866,142
867,050
867,142
868,179
868,142
869,142
869,011
870,042
870,109
871,142
871,143
872,134
872,048
873,143
874,143
874,042
875,143
875,134
876,043
877,142
877,109
878,142
878,048
879,050
880,136
881,142
882,142
883,142
884,142
885,142
886,142
887,142
888,142
889,117
890,142
891,142
892,142
892,110
893,050
893,169
894,142
895,142
896,142
897,042
898,142
899,142
899,177
900,142
901,142
902,051
903,050
904,142
905,141
906,142
907,176
908,141
909,141
910,141
911,141
912,141
913,141
914,141
915,141
916,050
917,141
918,141
919,142
920,042
921,178
922,051
923,050
924,141
925,042
926,141
927,022
928,142
929,142
930,051
931,142
932,142
933,142
934,141
935,136
936,141
937,142
938,141
938,169
939,141
940,141
941,142
942,141
943,142
944,141
945,142
946,043
947,178
948,178
949,141
949,169
950,141
951,141
951,169
952,141
953,142
954,142
955,142
956,051
957,141
958,142
959,141
960,141
961,142
962,142
963,142
964,142
965,142
966,051
966,142
967,142
968,142
969,105
970,142
971,142
972,141
972,050
973,142
974,142
975,142
975,169
976,050
977,142
978,142
979,141
980,141
981,142
982,221
983,142
984,141
985,142
986,142
987,199
988,141
989,050
990,141
991,221
992,142
993,050
993,046
994,136
995,084
996,142
997,084
998,141
999,142
1000,108
1001,105
1002,105
1003,141
1004,138
1005,178
1006,141
1007,113
1008,050
1009,113
1010,142
1011,117
1012,142
1013,038
1014,142
1015,105
1016,221
1017,084
1018,141
1019,141
1020,105
1021,142
1022,105
1023,117
1024,113
1025,050
1026,141
1027,142
1028,038
1029,221
1030,142
1031,084
1032,038
1033,142
1034,105
1035,142
1036,142
1037,199
1038,141
1039,142
1040,178
1041,142
1042,141
1043,026
1043,142
1044,199
1045,105
1046,141
1047,022
1047,042
1048,050
1048,042
1049,142
1050,042
1051,050
1051,179
1052,042
1053,229
1054,117
1055,050
1055,142
1056,142
1057,050
1058,108
1059,113
1060,039
1061,029
1062,103
1063,018
1064,029
1065,018
1066,071
1067,029
1068,181
1069,085
1070,210
1071,080
1072,229
1073,018
1074,113
1075,113
1076,181
1077,018
1078,210
1079,018
1080,119
1081,101
1082,029
1083,029
1084,103
1085,029
1086,182
1087,113
1088,029
1089,029
1090,029
1091,202
1092,029
1093,029
1094,182
1095,108
1096,080
1097,085
1098,029
1099,105
1100,029
1101,029
1102,029
1103,029
1104,029
1105,117
1106,029
1107,108
1108,029
1109,085
1110,213
1111,029
1112,235
1113,080
1114,084
1115,029
1116,080
1117,210
1118,178
1119,206
1120,080
1121,030
1122,029
1123,030
1124,108
1125,202
1126,029
1127,182
1128,113
1129,182
1130,206
1131,105
1132,085
1133,126
1134,239
1135,147
1136,149
1137,084
1138,029
1139,215
1140,084
1141,122
1142,206
1143,029
1144,117
1145,029
1146,229
1147,186
1148,186
1149,029
1150,186
1151,186
1152,186
1153,186
1154,215
1155,215
1156,217
1157,085
1158,206
1159,215
1160,215
1161,217
1162,215
1163,085
1164,215
1165,108
1166,038
1167,217
1168,108
1169,215
1170,108
1171,108
1172,215
1173,203
1174,085
1175,080
1176,085
1177,085
1178,206
1179,108
1180,050
1180,142
1181,050
1182,142
1183,142
1184,142
1185,142
1186,169
1187,166
1188,142
1189,142
1190,117
1191,050
1192,046
1193,050
1194,136
1195,042
1196,050
1197,142
1198,142
1199,050
1200,050
1201,015
1202,142
1203,142
1204,050
1205,050
1206,142
1207,142
1208,142
1209,142
1209,033
1210,050
1211,142
1212,222
1212,046
1213,222
1213,142
1214,142
1215,050
1215,222
1216,050
1217,222
1217,142
1218,050
1218,142
1219,142
1220,142
1220,050
1221,050
1222,050
1222,142
1223,050
1224,050
1224,136
1225,050
1226,046
1227,222
1228,050
1229,142
1229,050
1230,142
1230,222
1231,142
1232,050
1232,108
1233,222
1234,050
1235,050
1236,142
1237,050
1238,142
1239,050
1239,046
1240,142
1241,050
1242,142
1243,142
1244,046
1245,222
1246,142
1246,050
1247,050
1248,178
1249,169
1250,142
1251,142
1252,142
1253,142
1254,142
1254,134
1255,050
1255,222
1256,050
1257,142
1258,090
1259,050
1260,033
1260,046
1261,050
1262,050
1263,142
1264,169
1264,046
1265,042
1266,117
1267,046
1268,050
1269,142
1270,142
1270,134
1271,142
1272,046
1273,136
1273,142
1274,050
1274,089
1275,142
1276,050
1276,089
1277,050
1278,169
1278,142
1279,142
1280,142
1281,142
1282,142
1283,050
1284,050
1285,050
1286,050
1286,169
1287,136
1287,085
1288,142
1289,142
1289,136
1290,050
1290,222
1291,050
1291,007
1292,142
1293,142
1294,222
1295,142
1296,142
1297,142
1298,142
1299,050
1300,050
1301,046
1301,222
1302,178
1302,222
1303,050
1303,179
1304,046
1305,050
1306,050
1307,142
1307,199
1308,136
1308,142
1309,050
1310,142
1311,222
1311,179
1312,178
1313,050
1314,142
1315,089
1316,142
1317,142
1318,142
1319,142
1319,222
1320,142
1321,050
1321,142
1322,046
1323,142
1324,050
1324,142
1325,089
1326,222
1327,222
1328,142
1329,050
1330,117
1331,050
1332,222
1333,142
1334,050
1335,142
1336,142
1337,142
1338,142
1339,046
1340,050
1341,050
1342,142
1343,142
1344,117
1345,142
1346,117
1347,142
1348,142
1349,044
1350,142
1351,109
1352,046
1353,117
1354,050
1355,050
1356,169
1357,142
1358,050
1358,142
1359,136
1360,117
1361,142
1362,050
1363,142
1364,222
1365,142
1366,142
1367,050
1367,007
1368,142
1369,142
1370,050
1371,142
1372,050
1373,046
1374,142
1375,050
1376,117
1377,046
1378,142
1379,142
1380,142
1381,142
1382,117
1383,142
1384,050
1385,042
1386,050
1387,050
1388,089
1389,142
1390,142
1391,084
1392,117
1393,206
1394,084
1395,117
1396,206
1397,084
1398,168
1399,211
1400,206
1401,084
1402,199
1403,084
1404,117
1405,117
1406,206
1407,117
1408,038
1409,206
1410,211
1411,117
1412,206
1413,113
1414,038
1415,206
1416,084
1417,084
1418,116
1419,117
1420,084
1421,206
1422,117
1423,084
1424,117
1425,117
1426,206
1427,117
1428,117
1429,206
1430,084
1431,084
1432,017
1433,192
1434,084
1435,084
1436,117
1437,084
1438,108
1439,084
1440,206
1441,117
1442,113
1443,205
1444,206
1445,117
1446,235
1447,227
1448,113
1449,038
1450,084
1451,038
1452,084
1452,085
1453,084
1453,085
1454,211
1455,084
1456,038
1457,117
1458,117
1459,211
1460,206
1461,087
1462,084
1463,168
1464,206
1465,084
1466,117
1467,192
1468,211
1469,117
1470,117
1471,235
1472,084
1473,117
1474,084
1475,235
1476,117
1477,227
1478,211
1479,154
1480,117
1481,084
1482,211
1483,117
1484,038
1485,049
1486,113
1487,038
1488,117
1489,108
1490,084
1491,117
1492,117
1493,117
1494,084
1495,117
1496,113
1497,113
1498,205
1499,113
1500,117
1501,084
1502,235
1503,211
1504,206
1505,084
1506,211
1507,206
1508,117
1509,038
1510,211
1511,084
1512,117
1513,084
1514,113
1515,117
1516,108
1517,084
1518,117
1519,168
1520,084
1521,117
1522,206
1523,117
1524,206
1525,017
1526,117
1527,113
1528,084
1529,206
1530,117
1531,117
1532,235
1533,211
1534,117
1535,108
1536,038
1537,117
1538,117
1539,038
1540,113
1541,206
1542,108
1543,046
1544,117
1545,108
1546,046
1547,046
1548,122
1549,122
1550,117
1551,084
1552,122
1553,108
1554,046
1555,009
1556,199
1557,206
1558,084
1559,046
1560,046
1561,206
1562,046
1562,118
1563,122
1564,050
1565,142
1566,136
1567,142
1568,050
1568,136
1569,224
1569,169
1570,050
1570,169
1571,050
1572,178
1573,142
1573,061
1574,142
1574,046
1575,142
1575,114
1576,142
1577,050
1577,046
1578,169
1579,050
1579,169
1580,050
1581,142
1581,114
1582,050
1583,142
1584,050
1584,142
1585,142
1585,169
1586,050
1587,142
1588,224
1589,142
1589,046
1590,113
1590,142
1591,050
1592,050
1593,114
1593,142
1594,050
1595,050
1596,142
1596,179
1597,114
1597,117
1598,142
1598,046
1599,050
1600,050
1600,046
1601,142
1602,050
1602,142
1603,178
1604,142
1605,142
1606,178
1607,178
1608,142
1608,046
1609,142
1609,046
1610,142
1610,179
1611,142
1612,142
1613,142
1614,142
1614,136
1615,224
1616,142
1617,050
1617,142
1618,142
1619,050
1620,050
1621,114
1622,142
1623,050
1623,046
1624,028
1624,169
1625,178
1626,050
1627,142
1627,114
1628,142
1629,142
1630,046
1630,178
1631,050
1631,046
1632,136
1633,142
1634,050
1634,142
1635,142
1636,050
1636,169
1637,142
1637,046
1638,050
1638,046
1639,050
1640,163
1640,050
1641,114
1641,050
1642,142
1642,113
1643,169
1644,178
1645,050
1646,050
1647,142
1647,169
1648,142
1648,050
1649,142
1650,142
1651,046
1651,187
1652,136
1653,142
1653,169
1654,163
1655,142
1656,142
1656,169
1657,050
1658,142
1659,142
1660,084
1661,050
1661,046
1662,050
1662,046
1663,169
1664,178
1665,142
1666,048
1666,169
1667,050
1668,142
1669,046
1670,142
1671,142
1672,050
1673,142
1674,042
1675,136
1675,142
1676,142
1677,050
1678,169
1679,050
1679,114
1680,042
1680,142
1681,163
1682,142
1682,050
1683,142
1683,163
1684,142
1684,174
1685,050
1686,050
1686,046
1687,142
1688,179
1688,169
1689,050
1689,046
1690,050
1691,050
1691,046
1692,050
1693,142
1694,055
1694,169
1695,169
1695,222
1696,142
1697,050
1698,050
1698,114
1699,050
1699,046
1700,050
1700,187
1701,136
1701,187
1702,142
1702,046
1703,046
1704,142
1705,178
1706,142
1707,142
1707,187
1708,142
1709,142
1710,142
1710,187
1711,042
1711,114
1712,169
1712,042
1713,142
1713,114
1714,142
1714,178
1715,046
1716,142
1717,142
1718,050
1719,042
1719,046
1720,142
1720,002
1721,178
1721,046
1722,142
1723,178
1724,169
1724,222
1725,042
1725,142
1726,142
1727,136
1728,136
1729,050
1730,142
1730,128
1731,136
1731,114
1732,028
1732,136
1733,050
1734,050
1735,042
1736,142
1736,163
1737,055
1738,050
1739,178
1740,136
1741,050
1741,046
1742,142
1742,178
1743,050
1744,050
1745,050
1745,046
1746,142
1747,050
1748,142
1748,046
1749,050
1750,142
1751,142
1752,178
1753,178
1754,050
1754,046
1755,142
1755,050
1756,050
1756,046
1757,142
1758,142
1758,114
1759,076
1760,142
1761,050
1761,046
1762,136
1762,046
1763,042
1764,050
1765,142
1766,224
1767,142
1768,142
1769,046
1769,142
1770,142
1771,050
1772,050
1773,142
1774,114
1774,046
1775,050
1775,178
1776,178
1777,142
1777,169
1778,136
1778,169
1779,142
1780,048
1781,046
1781,008
1782,050
1782,142
1783,142
1784,178
1785,142
1786,050
1787,136
1788,142
1789,142
1790,142
1791,142
1792,142
1792,046
1793,142
1793,136
1794,050
1795,142
1796,050
1797,050
1798,050
1799,114
1799,142
1800,142
1801,178
1801,128
1802,142
1802,046
1803,050
1803,046
1804,002
1804,142
1805,142
1805,113
1806,142
1807,142
1808,142
1808,169
1809,050
1810,050
1811,178
1811,142
1812,142
1813,142
1814,142
1815,050
1816,142
1817,050
1818,142
1818,108
1819,229
1819,179
1820,142
1820,108
1821,050
1822,050
1823,050
1823,108
1824,050
1824,142
1825,010
1825,142
1826,117
1826,010
1827,108
1827,050
1828,050
1828,142
1829,142
1829,046
1830,142
1830,050
1831,136
1832,142
1833,142
1834,050
1834,136
1835,046
1836,046
1836,142
1837,050
1838,050
1839,163
1840,050
1841,142
1842,142
1843,142
1843,046
1844,050
1845,050
1846,046
1846,142
1847,050
1848,178
1849,142
1850,050
1850,108
1851,142
1851,046
1852,050
1852,114
1853,114
1853,046
1854,178
1854,050
1855,142
1855,046
1856,050
1856,108
1857,050
1857,046
1858,050
1858,108
1859,142
1859,108
1860,142
1860,136
1861,142
1861,114
1862,050
1862,046
1863,050
1863,108
1864,142
1865,114
1865,163
1866,050
1867,142
1868,163
1868,142
1869,050
1869,046
1870,142
1870,050
1871,142
1871,169
1872,050
1873,108
1873,114
1874,050
1875,050
1876,050
1876,046
1877,050
1877,142
1878,046
1878,230
1879,046
1880,142
1881,142
1882,050
1883,142
1884,142
1885,142
1885,046
1886,114
1887,050
1887,046
1888,050
1888,046
1889,050
1889,002
1890,142
1891,178
1892,142
1893,136
1894,178
1895,142
1896,142
1897,142
1898,085
1899,182
1900,029
1901,182
1902,182
1903,036
1904,101
1905,029
1906,029
1907,186
1908,108
1909,029
1910,101
1911,101
1912,080
1913,088
1914,029
1915,084
1916,229
1917,182
1918,018
1919,182
1920,182
1921,182
1922,039
1923,029
1924,113
1925,084
1926,029
1927,084
1928,036
1929,182
1930,029
1931,039
1932,147
1933,098
1934,210
1935,117
1936,084
1937,117
1938,087
1939,117
1940,199
1941,117
1942,117
1943,113
1944,202
1945,084
1946,117
1947,117
1948,154
1949,117
1950,211
1951,117
1952,117
1953,117
1954,117
1955,084
1956,084
1957,117
1958,235
1959,117
1960,117
1961,117
1962,211
1963,084
1964,117
1965,113
1966,084
1967,117
1968,154
1969,117
1970,206
1971,206
1972,235
1973,117
1974,113
1975,117
1976,113
1977,113
1978,117
1979,211
1980,117
1981,108
1982,206
1983,084
1984,117
1985,117
1986,235
1987,117
1988,084
1989,206
1990,117
1991,192
1992,038
1993,117
1994,117
1995,117
1996,117
1997,117
1998,117
1999,113
1999,114
2000,117
2001,206
2002,117
2003,084
2004,084
2005,117
2006,087
2007,117
2008,206
2009,199
2010,206
2011,117
2012,084
2013,117
2014,038
2015,206
2016,117
2017,117
2018,211
2019,117
2020,084
2021,113
2022,117
2023,117
2024,038
2025,117
2026,117
2027,084
2028,117
2029,117
2030,117
2031,117
2032,117
2033,117
2034,084
2035,117
2036,117
2037,117
2038,117
2039,206
2040,117
2041,108
2042,117
2043,084
2044,084
2045,084
2045,085
2046,117
2047,117
2048,117
2049,117
2050,084
2051,117
2052,117
2053,117
2054,117
2055,117
2056,113
2057,117
2058,117
2059,117
2060,117
2061,117
2062,084
2063,113
2064,117
2065,117
2066,117
2067,084
2068,235
2069,117
2070,211
2071,117
2072,117
2073,117
2074,117
2075,117
2076,038
2077,117
2078,117
2079,117
2080,206
2081,117
2082,108
2083,117
2084,117
2085,117
2086,108
2087,117
2088,206
2089,117
2090,113
2091,117
2092,117
2093,117
2094,117
2095,117
2096,017
2097,211
2098,206
2099,004
2099,042
2100,046
2100,005
2101,105
2101,046
2102,046
2102,005
2103,046
2103,004
2104,117
2104,206
2105,166
2105,026
2106,117
2107,046
2108,026
2109,117
2109,206
2110,046
2110,004
2111,026
2112,084
2112,026
2113,026
2113,134
2114,046
2115,046
2115,118
2116,117
2116,206
2117,038
2117,018
2118,084
2118,046
2119,117
2119,206
2120,117
2120,046
2121,117
2121,206
2122,117
2122,206
2123,117
2123,206
2124,046
2124,080
2125,202
2125,004
2126,117
2126,206
2127,113
2127,046
2128,084
2128,046
2129,026
2130,046
2130,026
2131,046
2132,046
2132,009
2133,117
2133,206
2134,113
2135,009
2135,046
2136,117
2136,222
2137,117
2137,206
2138,117
2138,206
2139,026
2139,229
2140,026
2141,026
2142,046
2143,117
2143,206
2144,117
2144,206
2145,038
2145,046
2146,026
2146,046
2147,113
2147,026
2148,117
2148,206
2149,202
2150,084
2150,046
2151,144
2151,046
2152,046
2152,178
2153,215
2153,026
2154,046
2155,113
2155,046
2156,046
2156,050
2157,084
2157,043
2158,117
2158,206
2159,026
2159,046
2160,026
2160,046
2161,046
2161,026
2162,138
2162,046
2163,046
2163,143
2164,117
2164,206
2165,046
2165,026
2166,050
2166,142
2167,142
2167,136
2168,142
2168,046
2169,134
2170,050
2171,029
2172,029
2173,036
2174,029
2175,029
2176,029
2177,029
2178,069
2179,029
2180,186
2181,029
2182,029
2183,085
2184,036
2185,050
2186,142
2187,142
2187,207
2188,142
2189,117
2190,142
2191,042
2191,084
2192,142
2192,207
2193,050
2193,109
2194,050
2195,142
2196,142
2197,142
2198,142
2199,050
2200,206
2201,142
2201,050
2202,046
2203,050
2203,176
2204,108
2205,176
2206,206
2207,042
2208,050
2209,050
2210,142
2211,142
2212,142
2213,142
2214,142
2215,082
2215,142
2216,142
2217,050
2218,142
2219,050
2220,050
2221,050
2222,142
2222,067
2223,142
2224,050
2225,142
2226,050
2227,142
2228,142
2229,142
2230,142
2230,085
2231,142
2232,215
2232,046
2233,050
2233,142
2234,050
2235,142
2236,142
2236,050
2237,050
2238,142
2239,142
2240,114
2240,142
2241,142
2241,050
2242,136
2242,142
2243,142
2244,142
2245,104
2245,166
2246,142
2247,142
2248,104
2249,142
2250,142
2251,114
2252,014
2253,029
2254,080
2255,080
2256,080
2257,202
2258,206
2259,108
2260,203
2261,085
2262,085
2263,088
2264,080
2265,029
2266,206
2267,108
2268,114
2269,108
2270,108
2270,188
2271,029
2272,029
2273,108
2274,084
2275,113
2276,212
2277,113
2278,085
2279,206
2280,015
2281,050
2282,108
2283,085
2284,085
2285,108
2286,108
2287,160
2288,206
2289,206
2290,029
2291,114
2292,200
2293,108
2294,202
2295,098
2296,202
2297,108
2298,206
2299,108
2300,206
2301,080
2302,080
2303,211
2304,209
2305,014
2306,117
2307,085
2308,085
2309,209
2310,206
2311,209
2312,209
2313,209
2314,014
2315,029
2316,206
2317,004
2317,026
2318,117
2318,042
2319,046
2319,004
2320,089
2321,117
2321,206
2322,138
2323,117
2323,179
2324,046
2324,142
2325,202
2325,004
2326,012
2326,046
2327,046
2327,113
2328,199
2328,046
2329,084
2329,046
2330,117
2330,206
2331,117
2331,206
2332,122
2332,046
2333,046
2333,004
2334,117
2334,206
2335,004
2336,117
2336,228
2337,046
2337,005
2338,178
2339,046
2339,005
2340,138
2340,046
2341,122
2341,123
2342,136
2342,005
2343,046
2344,178
2344,113
2345,117
2345,206
2346,084
2346,043
2347,117
2347,206
2348,122
2348,202
2349,113
2350,113
2350,076
2351,046
2352,046
2352,178
2353,046
2354,084
2354,046
2355,117
2355,206
2356,117
2356,211
2357,046
2357,004
2358,138
2358,169
2359,117
2359,206
2360,122
2361,113
2361,004
2362,046
2362,077
2363,117
2363,206
2364,113
2364,115
2365,046
2365,108
2366,166
2366,178
2367,046
2367,004
2368,122
2368,046
2369,117
2369,206
2370,046
2370,004
2371,046
2371,085
2372,046
2372,005
2373,138
2373,169
2374,117
2374,206
2375,004
2375,005
2376,046
2376,050
2377,046
2377,108
2378,046
2378,004
2379,046
2379,142
2380,046
2380,143
2381,117
2381,179
2382,117
2382,206
2383,004
2384,046
2385,113
2385,046
2386,046
2387,079
2387,084
2388,136
2389,113
2389,169
2390,139
2390,096
2391,046
2391,089
2392,044
2392,046
2393,046
2393,004
2394,199
2394,046
2395,046
2396,199
2397,046
2397,004
2398,046
2398,085
2399,143
2400,011
2401,050
2402,142
2403,143
2404,050
2404,143
2405,142
2406,169
2407,050
2408,052
2409,142
2410,143
2411,050
2412,142
2413,050
2414,052
2415,158
2415,052
2416,050
2417,050
2418,142
2419,134
2420,050
2421,143
2422,134
2422,143
2423,158
2423,229
2424,050
2424,010
2425,143
2426,142
2426,143
2427,050
2427,143
2428,050
2429,050
2430,050
2431,050
2431,142
2432,050
2433,142
2434,050
2435,050
2436,143
2437,142
2438,136
2438,084
2439,050
2440,142
2441,050
2442,142
2443,052
2444,142
2445,134
2445,142
2446,052
2447,142
2448,142
2448,143
2449,142
2450,143
2451,143
2452,142
2453,143
2454,143
2455,142
2456,142
2457,050
2458,050
2458,109
2459,084
2460,052
2461,142
2462,143
2463,142
2464,050
2465,050
2466,052
2467,143
2468,142
2469,178
2469,142
2470,142
2471,050
2472,134
2472,142
2473,143
2474,050
2475,142
2475,143
2476,050
2477,142
2477,206
2478,050
2479,232
2480,143
2481,009
2481,011
2482,143
2483,117
2484,178
2484,084
2485,142
2486,042
2487,142
2488,143
2489,142
2490,050
2491,142
2491,134
2492,136
2493,142
2494,142
2495,043
2496,042
2496,142
2497,142
2497,109
2498,050
2499,038
2500,142
2501,050
2501,048
2502,142
2503,136
2504,043
2504,084
2505,143
2505,136
2506,142
2506,089
2507,142
2508,143
2508,042
2509,042
2510,136
2511,084
2512,136
2513,050
2514,043
2514,134
2515,043
2516,142
2517,143
2518,050
2518,208
2519,143
2520,048
2520,042
2521,084
2522,143
2522,042
2523,048
2523,109
2524,136
2524,042
2525,142
2525,109
2526,043
2527,142
2527,109
2528,143
2529,142
2529,050
2530,143
2531,143
2531,042
2532,224
2533,043
2534,042
2535,143
2536,142
2537,043
2538,142
2539,142
2540,043
2541,043
2541,046
2542,229
2542,142
2543,050
2544,113
2544,142
2545,143
2546,046
2546,136
2547,043
2547,222
2548,113
2548,108
2549,084
2549,109
2550,136
2550,042
2551,142
2551,134
2552,143
2553,050
2554,142
2555,178
2556,050
2556,002
2557,113
2558,046
2558,109
2559,118
2559,089
2560,118
2560,089
2561,109
2562,169
2562,142
2563,113
2563,136
2564,050
2565,136
2565,179
2566,136
2567,050
2567,048
2568,183
2568,142
2569,142
2569,109
2570,118
2571,136
2571,113
2572,142
2572,042
2573,050
2574,042
2575,042
2575,222
2576,050
2576,136
2577,143
2578,043
2578,134
2579,042
2579,142
2580,043
2580,109
2581,113
2581,050
2582,142
2582,050
2583,050
2584,117
2585,042
2586,142
2587,050
2588,142
2589,142
2590,142
2591,142
2592,095
2593,142
2593,136
2594,050
2594,142
2595,142
2595,050
2596,142
2597,142
2598,142
2599,142
2600,142
2601,142
2602,050
2603,142
2604,142
2605,142
2606,142
2607,136
2607,142
2608,050
2609,050
2610,134
2611,142
2612,050
2613,142
2614,142
2615,178
2616,222
2617,142
2618,050
2619,050
2620,142
2621,142
2622,042
2623,050
2624,050
2625,142
2625,050
2626,142
2627,142
2628,142
2629,142
2630,050
2631,050
2632,142
2633,142
2634,142
2634,050
2635,142
2636,142
2637,142
2638,142
2639,142
2640,142
2640,050
2641,142
2642,142
2643,050
2644,142
2645,142
2646,142
2647,142
2648,142
2649,042
2650,117
2651,142
2652,142
2653,142
2654,142
2655,142
2656,142
2657,050
2658,215
2658,010
2659,142
2660,142
2661,222
2662,142
2663,142
2664,050
2665,042
2666,222
2666,042
2667,142
2668,050
2669,142
2670,050
2671,142
2672,142
2673,050
2673,142
2674,042
2675,142
2676,142
2677,142
2678,142
2679,142
2680,050
2681,050
2682,167
2683,142
2684,142
2685,167
2686,142
2687,136
2688,222
2689,142
2690,050
2691,050
2691,142
2692,142
2693,142
2694,142
2695,050
2696,142
2697,050
2698,142
2699,142
2700,142
2701,142
2701,178
2702,142
2703,142
2704,142
2705,142
2706,142
2707,142
2708,142
2709,142
2710,142
2711,142
2712,142
2713,136
2714,142
2715,142
2716,142
2717,136
2718,222
2719,142
2720,142
2721,142
2722,050
2723,142
2724,142
2725,142
2726,142
2726,050
2727,142
2728,136
2729,138
2730,050
2731,042
2732,142
2733,142
2734,042
2735,142
2736,142
2737,142
2738,117
2739,142
2740,042
2741,142
2742,142
2743,142
2744,042
2745,046
2746,142
2747,142
2748,050
2749,142
2750,142
2751,142
2752,142
2753,142
2754,142
2755,142
2756,050
2757,142
2758,142
2759,142
2760,142
2761,042
2762,050
2762,142
2763,142
2763,136
2764,050
2765,050
2766,142
2767,142
2767,050
2768,142
2769,142
2770,142
2771,042
2772,142
2772,010
2773,142
2774,050
2775,167
2776,142
2777,178
2777,142
2778,142
2779,142
2780,050
2781,142
2782,117
2783,050
2784,142
2785,142
2786,142
2787,142
2788,142
2789,142
2789,042
2790,142
2791,142
2792,142
2793,142
2794,042
2795,142
2796,142
2797,042
2798,136
2799,038
2800,142
2801,178
2802,050
2803,142
2804,142
2805,142
2806,142
2807,142
2808,142
2808,178
2809,050
2809,142
2810,142
2811,142
2811,222
2812,142
2813,142
2814,142
2815,142
2816,142
2817,142
2818,162
2819,142
2820,142
2820,042
2821,142
2821,222
2822,050
2823,142
2824,142
2825,142
2826,142
2827,136
2828,142
2829,142
2830,142
2831,142
2832,050
2833,142
2834,142
2835,142
2836,142
2837,050
2838,050
2839,142
2840,050
2841,050
2842,142
2843,142
2844,050
2845,050
2846,142
2847,178
2848,050
2849,142
2850,142
2850,050
2851,042
2852,142
2853,050
2854,050
2855,142
2856,050
2857,142
2858,142
2859,050
2860,136
2861,142
2862,142
2863,050
2864,113
2865,113
2866,050
2867,050
2868,142
2869,142
2870,142
2871,142
2872,050
2873,050
2874,050
2874,142
2875,142
2876,142
2877,142
2878,050
2879,136
2879,113
2880,050
2881,050
2882,142
2883,142
2884,142
2885,050
2886,142
2887,178
2888,142
2889,142
2890,142
2891,142
2892,142
2893,142
2894,142
2894,169
2895,050
2896,142
2897,142
2898,167
2899,050
2899,142
2900,142
2901,142
2902,142
2903,142
2904,142
2905,142
2906,142
2907,142
2908,142
2909,050
2910,142
2911,142
2912,142
2912,042
2913,142
2913,050
2914,142
2915,050
2916,142
2917,142
2917,050
2918,142
2919,142
2920,050
2921,050
2922,142
2923,142
2924,228
2925,167
2926,050
2927,142
2928,142
2929,042
2930,142
2931,142
2932,042
2933,142
2934,050
2935,142
2936,142
2937,142
2938,142
2939,142
2940,142
2941,050
2942,142
2942,042
2943,142
2944,050
2945,142
2945,050
2946,050
2947,050
2947,142
2948,142
2949,142
2950,142
2951,142
2952,050
2953,142
2954,142
2955,142
2956,050
2957,050
2958,222
2959,142
2960,050
2961,050
2961,142
2962,050
2963,042
2964,222
2964,175
2965,050
2966,042
2967,050
2968,050
2969,142
2970,142
2971,142
2972,142
2973,142
2974,050
2974,142
2975,142
2975,050
2976,042
2977,142
2977,050
2978,142
2979,050
2979,142
2980,142
2981,222
2982,050
2983,142
2984,142
2985,142
2986,142
2987,042
2988,142
2989,050
2990,142
2991,142
2992,042
2993,050
2994,050
2995,142
2996,142
2997,142
2998,142
2999,142
3000,050
3001,142
3002,142
3003,142
3004,047
3004,142
3005,142
3006,142
3007,142
3008,050
3009,142
3010,050
3010,142
3011,142
3012,050
3013,167
3014,113
3015,142
3016,142
3017,142
3018,222
3019,142
3020,142
3021,050
3022,142
3023,050
3024,142
3025,167
3026,178
3027,142
3027,050
3028,142
3029,050
3030,142
3031,142
3032,142
3033,142
3034,050
3035,089
3035,050
3036,142
3037,142
3038,142
3039,142
3040,142
3041,142
3042,050
3043,142
3044,142
3044,050
3045,142
3046,142
3047,142
3048,142
3049,142
3050,050
3050,142
3051,142
3052,050
3053,142
3054,042
3055,142
3056,142
3057,142
3057,050
3058,142
3059,050
3060,142
3061,142
3062,142
3063,142
3064,142
3064,050
3065,142
3066,142
3067,142
3068,050
3069,142
3070,042
3071,178
3071,142
3072,142
3073,142
3074,142
3075,142
3076,050
3077,042
3077,142
3078,050
3079,050
3080,142
3081,142
3082,050
3083,142
3084,142
3085,142
3086,142
3087,142
3088,142
3089,050
3090,142
3091,142
3091,050
3092,050
3093,042
3094,142
3094,134
3095,142
3095,136
3096,050
3097,143
3098,113
3099,050
3100,143
3101,113
3102,052
3103,043
3104,143
3105,199
3106,222
3106,135
3107,042
3108,113
3109,084
3109,179
3110,143
3111,050
3112,142
3113,052
3114,142
3115,143
3116,050
3117,052
3118,222
3119,143
3119,052
3120,142
3121,050
3122,134
3122,179
3123,134
3124,222
3125,142
3126,043
3127,050
3128,142
3129,143
3130,052
3130,143
3131,143
3132,143
3132,142
3133,050
3134,142
3135,142
3136,052
3136,050
3137,232
3137,052
3138,143
3139,052
3140,050
3141,142
3142,134
3142,050
3143,215
3143,222
3144,143
3145,142
3146,143
3147,052
3148,113
3149,134
3150,043
3151,050
3151,142
3152,142
3153,113
3153,187
3154,114
3155,142
3156,052
3156,142
3157,135
3158,042
3158,019
3159,142
3160,142
3161,142
3162,050
3163,052
3164,050
3164,142
3165,042
3165,142
3166,142
3167,142
3167,143
3168,042
3169,052
3170,143
3171,042
3172,050
3173,050
3174,143
3175,052
3176,099
3176,052
3177,158
3177,050
3178,050
3179,050
3180,046
3180,134
3181,136
3182,043
3183,050
3184,117
3184,206
3185,113
3186,011
3187,143
3188,143
3189,042
3190,050
3190,158
3191,085
3192,178
3193,048
3193,043
3194,142
3194,046
3195,050
3196,143
3196,050
3197,143
3198,142
3199,142
3200,050
3200,158
3201,142
3202,222
3202,178
3203,142
3204,050
3204,143
3205,117
3206,142
3207,011
3208,113
3209,050
3210,117
3211,117
3212,117
3213,113
3214,142
3215,050
3216,109
3217,169
3217,134
3218,048
3219,046
3219,109
3220,048
3220,134
3221,169
3221,134
3222,048
3222,134
3223,042
3223,136
3224,048
3224,093
3225,134
3226,042
3226,084
3227,134
3228,043
3228,134
3229,048
3230,093
3230,165
3231,016
3231,109
3232,042
3232,136
3233,048
3234,109
3234,134
3235,142
3235,048
3236,109
3237,042
3237,046
3238,048
3238,109
3239,109
3240,048
3241,048
3241,222
3242,109
3243,134
3243,109
3244,048
3244,169
3245,048
3245,179
3246,134
3247,048
3248,048
3248,042
3249,048
3249,136
3250,048
3251,084
3251,080
3252,048
3252,222
3253,048
3253,134
3254,099
3254,048
3255,048
3255,222
3256,048
3256,222
3257,048
3258,048
3258,222
3259,169
3259,109
3260,109
3260,142
3261,134
3261,048
3262,048
3263,048
3264,139
3265,048
3266,109
3266,048
3267,048
3267,134
3268,043
3269,048
3270,109
3271,134
3271,016
3272,134
3273,048
3273,134
3274,048
3274,134
3275,109
3275,134
3276,048
3276,099
3277,134
3277,136
3278,048
3278,042
3279,038
3279,029
3280,109
3280,048
3281,048
3281,099
3282,134
3282,109
3283,048
3284,048
3284,109
3285,048
3286,048
3286,046
3287,222
3288,042
3289,048
3290,134
3290,136
3291,134
3292,135
3292,109
3293,048
3293,222
3294,048
3295,048
3296,048
3297,048
3297,134
3298,048
3298,134
3299,012
3299,048
3300,042
3300,136
3301,048
3302,042
3302,136
3303,048
3303,134
3304,048
3304,134
3305,222
3306,048
3307,134
3307,048
3308,222
3308,136
3309,048
3309,222
3310,134
3310,048
3311,043
3312,048
3312,050
3313,134
3313,048
3314,048
3314,222
3315,048
3315,222
3316,222
3317,109
3317,048
3318,048
3318,142
3319,048
3319,099
3320,048
3320,109
3321,048
3322,042
3322,109
3323,048
3323,042
3324,134
3324,048
3325,109
3326,169
3326,134
3327,158
3327,048
3328,135
3329,134
3329,048
3330,109
3330,048
3331,016
3331,109
3332,048
3332,003
3333,048
3333,136
3334,048
3334,134
3335,042
3335,048
3336,179
3336,109
3337,136
3337,048
3338,109
3338,178
3339,048
3339,134
3340,048
3341,048
3341,222
3342,048
3342,134
3343,142
3344,135
3344,169
3345,042
3346,136
3347,048
3347,222
3348,134
3348,048
3349,048
3349,222
3350,048
3350,142
3351,134
3351,048
3352,109
3352,096
3353,048
3354,179
3354,169
3355,048
3355,134
3356,222
3356,109
3357,048
3357,109
3358,222
3358,048
3359,042
3359,109
3360,048
3361,136
3361,109
3362,048
3362,134
3363,048
3363,222
3364,109
3364,046
3365,042
3366,042
3366,099
3367,109
3367,048
3368,012
3368,222
3369,048
3369,179
3370,134
3370,169
3371,134
3371,048
3372,048
3372,099
3373,134
3374,046
3374,089
3375,048
3376,109
3377,109
3378,109
3378,048
3379,222
3380,084
3381,048
3381,042
3382,042
3383,048
3383,134
3384,134
3385,109
3385,134
3386,048
3386,109
3387,134
3387,048
3388,042
3389,048
3389,099
3390,048
3390,042
3391,048
3391,042
3392,048
3392,169
3393,048
3393,134
3394,048
3395,099
3395,048
3396,048
3396,134
3397,048
3397,222
3398,048
3398,042
3399,048
3399,134
3400,048
3400,109
3401,042
3402,042
3402,134
3403,166
3403,136
3404,134
3404,109
3405,048
3405,222
3406,134
3406,048
3407,048
3408,048
3408,109
3409,142
3409,134
3410,048
3410,109
3411,048
3411,179
3412,134
3412,169
3413,048
3413,109
3414,084
3415,228
3416,048
3416,134
3417,046
3417,109
3418,048
3418,136
3419,134
3419,048
3420,050
3420,142
3421,084
3421,048
3422,136
3422,048
3423,162
3424,084
3425,042
3425,134
3426,048
3426,134
3427,048
3427,134
3428,048
3428,109
3429,142
3430,134
3431,109
3432,109
3432,169
3433,011
3433,046
3434,109
3434,048
3435,134
3435,048
3436,134
3436,048
3437,109
3437,134
3438,134
3439,048
3439,134
3440,134
3441,048
3442,048
3443,048
3443,042
3444,169
3444,042
3445,169
3445,046
3446,048
3446,134
3447,048
3447,134
3448,142
3448,048
3449,134
3449,093
3450,042
3450,099
3451,011
3452,048
3452,009
3453,048
3453,134
3454,222
3454,169
3455,048
3455,109
3456,093
3456,142
3457,050
3457,142
3458,048
3459,048
3459,134
3460,048
3460,134
3461,113
3462,109
3462,042
3463,093
3463,012
3464,043
3464,134
3465,134
3466,134
3466,042
3467,048
3467,142
3468,042
3469,048
3469,134
3470,048
3471,048
3471,134
3472,136
3472,084
3473,048
3473,222
3474,048
3474,136
3475,179
3475,048
3476,048
3476,222
3477,134
3477,109
3478,134
3478,093
3479,048
3479,109
3480,109
3480,134
3481,134
3481,109
3482,222
3482,048
3483,048
3483,136
3484,134
3484,109
3485,048
3486,048
3486,042
3487,048
3487,109
3488,048
3488,222
3489,113
3490,109
3490,222
3491,134
3491,169
3492,134
3493,222
3493,048
3494,048
3494,134
3495,048
3496,048
3496,134
3497,048
3497,134
3498,048
3499,043
3499,099
3500,046
3500,050
3501,222
3501,048
3502,134
3502,169
3503,109
3503,048
3504,048
3504,042
3505,048
3505,134
3506,084
3507,109
3507,048
3508,048
3508,222
3509,134
3509,169
3510,222
3511,117
3512,048
3512,109
3513,142
3514,136
3515,178
3516,222
3517,048
3518,142
3519,142
3520,136
3521,142
3522,169
3523,169
3524,110
3525,178
3526,142
3526,178
3527,142
3528,042
3529,142
3530,142
3531,142
3532,136
3533,142
3534,222
3535,084
3536,221
3537,141
3538,142
3539,221
3540,141
3541,141
3542,199
3543,221
3544,141
3545,141
3546,178
3547,142
3548,048
3549,105
3550,141
3551,141
3552,141
3553,141
3554,141
3555,221
3556,221
3557,141
3558,141
3559,221
3560,142
3560,079
3561,141
3562,141
3563,142
3564,011
3565,142
3566,222
3567,141
3568,142
3569,136
3570,141
3571,215
3572,221
3573,221
3574,169
3575,139
3576,113
3577,105
3578,022
3579,141
3580,221
3581,141
3582,141
3583,199
3584,221
3585,141
3586,109
3587,221
3588,046
3588,169
3589,141
3590,221
3591,141
3592,009
3593,113
3594,136
3595,141
3596,136
3596,142
3597,177
3597,221
3598,105
3599,141
3600,229
3600,142
3601,221
3602,201
3602,046
3603,105
3604,084
3605,053
3606,196
3607,166
3608,113
3609,209
3610,136
3611,150
3611,136
3612,221
3613,113
3614,199
3615,114
3616,113
3617,215
3618,141
3619,136
3620,117
3621,135
3621,014
3622,161
3623,142
3624,105
3625,113
3626,141
3627,221
3628,105
3629,136
3630,215
3631,193
3632,139
3633,139
3634,084
3635,141
3636,106
3637,222
3638,113
3639,048
3639,109
3640,048
3641,042
3642,089
3643,012
3644,109
3645,012
3646,012
3647,117
3648,222
3648,134
3649,210
3650,018
3651,074
3652,100
3653,148
3654,102
3655,181
3656,186
3657,100
3658,148
3659,229
3660,101
3661,229
3662,100
3663,190
3664,181
3665,148
3666,215
3667,149
3668,182
3669,130
3670,029
3671,166
3672,029
3673,148
3674,149
3675,069
3676,040
3677,148
3678,231
3679,029
3680,168
3681,029
3682,203
3683,149
3684,148
3685,029
3686,203
3687,029
3688,182
3688,186
3689,182
3690,074
3691,148
3692,148
3693,203
3694,189
3695,148
3696,185
3697,107
3698,148
3699,203
3700,209
3701,040
3702,080
3703,074
3704,182
3705,234
3706,029
3707,148
3708,185
3709,148
3710,148
3711,178
3712,215
3713,088
3714,029
3715,029
3716,029
3717,029
3718,148
3719,040
3720,117
3721,149
3722,215
3723,029
3724,029
3725,209
3726,203
3727,029
3728,029
3729,029
3730,030
3731,030
3732,069
3733,117
3734,103
3735,168
3736,149
3737,030
3738,229
3739,186
3740,186
3741,186
3742,186
3743,148
3744,186
3745,186
3746,186
3747,074
3748,186
3749,148
3750,186
3751,203
3752,215
3753,215
3754,203
3755,203
3756,215
3757,215
3758,198
3759,178
3760,198
3761,198
3762,215
3763,203
3764,203
3765,215
3766,203
3767,215
3768,215
3769,151
3770,215
3771,203
3772,151
3773,151
3774,203
3775,151
3776,203
3777,203
3778,203
3779,215
3780,151
3781,203
3782,151
3783,151
3784,203
3785,215
3786,203
3787,203
3788,215
3789,218
3790,203
3791,203
3792,215
3793,203
3794,203
3795,203
3796,151
3797,218
3798,203
3799,203
3800,203
3801,038
3802,203
3803,203
3804,215
3805,215
3806,203
3807,203
3808,111
3809,215
3810,203
3811,203
3812,203
3813,215
3814,203
3815,111
3816,203
3817,203
3818,203
3819,218
3820,203
3821,198
3822,111
3823,215
3824,215
3825,215
3826,203
3827,203
3828,203
3829,203
3830,203
3831,203
3832,178
3833,203
3834,203
3835,203
3836,151
3837,215
3838,215
3839,203
3840,203
3841,215
3842,203
3843,203
3844,215
3845,203
3846,111
3847,117
3848,203
3849,203
3850,038
3851,203
3852,203
3853,203
3854,215
3855,203
3856,215
3857,231
3858,111
3859,203
3860,198
3861,198
3862,198
3863,198
3864,203
3865,198
3866,198
3867,203
3868,080
3869,203
3870,198
3871,203
3872,215
3873,215
3874,203
3875,198
3876,203
3877,198
3878,178
3879,203
3880,218
3881,215
3882,198
3883,203
3884,046
3885,085
3886,169
3887,169
3888,169
3889,222
3890,222
3891,222
3892,169
3893,222
3894,169
3895,046
3896,046
3897,222
3898,222
3899,169
3900,136
3901,178
3902,222
3903,166
3904,178
3905,222
3906,056
3907,050
3908,136
3909,166
3910,142
3911,169
3912,178
3913,109
3914,166
3915,142
3916,169
3917,222
3918,229
3919,109
3920,166
3921,142
3922,169
3923,222
3924,222
3925,134
3926,169
3926,032
3927,222
3928,169
3929,222
3930,222
3930,142
3931,099
3932,222
3933,222
3934,046
3934,169
3935,222
3936,178
3937,046
3938,222
3939,222
3940,222
3941,222
3941,050
3942,222
3942,169
3943,050
3943,222
3944,222
3945,179
3945,134
3946,222
3947,222
3948,169
3949,050
3949,222
3950,178
3951,171
3952,222
3953,222
3954,142
3955,222
3956,046
3957,142
3957,222
3958,109
3959,222
3959,135
3960,222
3961,142
3962,222
3963,169
3964,089
3965,142
3965,222
3966,222
3967,169
3967,222
3968,169
3968,134
3969,179
3969,046
3970,222
3970,142
3971,222
3972,222
3973,169
3974,050
3974,169
3975,142
3976,178
3977,178
3978,222
3979,222
3980,169
3980,142
3981,222
3981,050
3982,171
3983,089
3984,109
3984,136
3985,046
3986,222
3987,228
3987,050
3988,142
3988,170
3989,046
3990,089
3991,090
3992,046
3993,169
3994,222
3995,222
3996,099
3997,222
3997,169
3998,142
3999,046
4000,222
4001,222
4001,046
4002,089
4003,222
4004,222
4005,142
4006,222
4007,222
4008,169
4009,171
4009,222
4010,222
4010,169
4011,222
4012,084
4013,169
4014,169
4015,142
4016,033
4017,222
4018,222
4019,109
4020,136
4021,134
4021,169
4022,109
4022,108
4023,178
4024,222
4024,171
4025,033
4025,222
4026,046
4026,142
4027,046
4028,046
4029,222
4029,135
4030,222
4031,142
4032,222
4033,169
4034,222
4035,222
4036,169
4036,033
4037,222
4038,033
4038,096
4039,142
4040,222
4041,222
4042,222
4043,222
4044,222
4044,099
4045,222
4046,046
4047,142
4048,033
4049,200
4050,222
4051,090
4052,033
4053,142
4054,142
4054,089
4055,046
4056,222
4057,090
4058,084
4059,222
4060,222
4061,089
4062,015
4063,046
4063,015
4064,046
4065,142
4066,222
4067,136
4068,222
4069,046
4069,142
4070,222
4071,142
4072,046
4072,142
4073,222
4074,046
4074,179
4075,089
4076,169
4077,135
4078,222
4079,222
4080,178
4081,142
4082,169
4083,169
4083,136
4084,222
4084,046
4085,179
4085,046
4086,222
4087,089
4088,222
4089,169
4090,046
4091,222
4092,222
4093,222
4094,222
4095,222
4096,142
4097,046
4098,169
4098,200
4099,222
4100,178
4100,134
4101,169
4102,089
4103,222
4104,222
4105,142
4106,046
4107,142
4108,089
4109,142
4109,222
4110,142
4110,050
4111,169
4112,090
4112,050
4113,142
4114,134
4115,114
4116,222
4117,050
4118,222
4119,108
4120,007
4121,222
4122,138
4123,090
4124,222
4125,222
4126,179
4127,222
4128,222
4129,222
4130,089
4131,136
4132,134
4132,222
4133,142
4134,222
4135,222
4136,222
4137,222
4138,222
4139,222
4140,142
4141,142
4142,046
4143,142
4144,089
4144,222
4145,142
4146,046
4147,142
4147,222
4148,142
4149,222
4150,222
4151,142
4152,046
4152,007
4153,089
4153,142
4154,222
4155,134
4156,142
4157,089
4158,169
4159,222
4159,046
4160,222
4161,089
4162,222
4163,046
4164,050
4165,222
4166,046
4167,142
4168,166
4169,155
4170,164
4171,220
4172,199
4173,122
4174,164
4175,199
4176,144
4177,236
4178,192
4179,220
4180,192
4181,084
4182,038
4183,113
4184,074
4185,116
4186,113
4187,116
4188,225
4189,192
4190,084
4191,084
4192,116
4193,113
4194,038
4195,038
4196,235
4197,084
4198,236
4199,074
4200,117
4201,192
4202,199
4203,084
4204,084
4205,074
4206,154
4207,117
4208,113
4209,236
4210,113
4211,168
4212,038
4213,117
4214,084
4215,192
4216,084
4217,084
4218,084
4219,084
4220,113
4221,168
4222,162
4223,038
4224,065
4225,084
4226,113
4227,192
4228,220
4229,116
4230,236
4231,084
4232,168
4233,192
4234,038
4235,220
4236,038
4237,220
4238,122
4239,113
4240,168
4241,220
4242,166
4243,235
4244,227
4245,154
4246,206
4247,168
4248,154
4249,235
4250,168
4251,084
4252,235
4253,227
4254,105
4255,164
4256,116
4257,225
4258,199
4259,236
4260,235
4261,065
4262,192
4263,192
4264,084
4265,113
4266,038
4267,168
4268,084
4269,192
4270,192
4271,084
4272,038
4273,117
4274,065
4275,168
4276,164
4277,168
4278,227
4279,211
4280,116
4281,231
4282,065
4283,084
4284,235
4285,065
4286,206
4287,235
4288,122
4289,154
4290,220
4291,199
4292,154
4293,113
4294,168
4295,168
4296,035
4297,117
4298,084
4299,084
4300,192
4301,084
4302,116
4303,035
4304,113
4305,117
4306,168
4307,116
4308,084
4309,206
4310,037
4311,220
4312,156
4313,084
4314,236
4315,084
4316,235
4317,113
4318,065
4319,157
4320,113
4321,116
4322,168
4323,084
4324,113
4325,220
4326,192
4327,192
4328,220
4329,168
4330,117
4331,206
4332,084
4333,192
4334,199
4335,117
4336,038
4337,038
4338,116
4339,084
4340,168
4341,117
4342,235
4343,116
4344,084
4345,038
4346,211
4347,065
4348,084
4349,199
4350,162
4351,116
4352,192
4353,117
4354,206
4355,235
4356,206
4357,231
4358,113
4359,074
4360,206
4361,074
4362,116
4363,220
4364,084
4365,084
4366,220
4367,116
4368,117
4369,116
4370,084
4371,084
4372,113
4373,116
4374,084
4375,116
4376,117
4377,168
4378,211
4379,113
4380,220
4381,156
4382,199
4383,105
4384,220
4385,192
4386,117
4387,117
4388,231
4389,038
4390,227
4391,065
4392,038
4393,116
4394,168
4395,069
4396,168
4397,094
4398,072
4399,145
4400,122
4401,072
4402,120
4403,121
4404,132
4405,132
4406,014
4407,145
4408,145
4409,132
4410,137
4411,148
4412,192
4413,237
4414,113
4415,121
4416,225
4417,215
4418,215
4419,121
4420,145
4421,225
4422,094
4423,023
4424,014
4425,041
4426,145
4427,137
4428,235
4429,180
4430,132
4431,229
4432,168
4433,038
4434,069
4435,122
4436,145
4437,092
4438,092
4439,075
4440,120
4441,137
4442,145
4443,075
4444,072
4445,113
4446,070
4447,192
4448,014
4449,204
4450,192
4451,148
4452,014
4453,180
4454,169
4455,163
4456,169
4456,179
4457,050
4457,174
4458,046
4458,169
4459,169
4460,224
4460,169
4461,063
4461,169
4462,048
4463,058
4464,163
4465,169
4466,178
4467,048
4468,025
4469,086
4469,169
4470,187
4470,222
4471,163
4471,169
4472,048
4473,169
4473,179
4474,086
4474,222
4475,076
4476,055
4476,169
4477,169
4478,076
4479,169
4480,169
4481,042
4481,055
4482,129
4482,222
4483,038
4483,142
4484,169
4484,055
4485,064
4485,136
4486,169
4487,163
4488,076
4489,169
4489,179
4490,226
4490,169
4491,169
4492,129
4492,169
4493,129
4494,169
4494,129
4495,222
4496,163
4497,169
4497,179
4498,163
4499,169
4500,169
4501,050
4501,046
4502,169
4502,008
4503,169
4503,064
4504,142
4504,169
4505,114
4506,174
4506,169
4507,169
4507,042
4508,114
4508,169
4509,169
4509,002
4510,169
4511,169
4512,163
4513,163
4514,135
4515,028
4516,169
4516,055
4517,178
4517,169
4518,169
4518,042
4519,230
4520,169
4521,048
4522,187
4523,042
4523,169
4524,028
4525,178
4525,042
4526,169
4526,048
4527,169
4528,224
4529,133
4529,179
4530,142
4531,163
4532,178
4533,169
4533,222
4534,028
4535,063
4536,076
4537,169
4538,169
4538,163
4539,169
4539,113
4540,048
4540,076
4541,089
4541,169
4542,076
4543,169
4544,163
4545,169
4546,224
4547,128
4547,222
4548,222
4549,169
4550,169
4550,179
4551,169
4551,179
4552,224
4553,169
4554,224
4555,169
4555,222
4556,042
4556,114
4557,169
4558,169
4559,222
4560,169
4561,048
4561,096
4562,169
4562,042
4563,169
4563,222
4564,169
4565,169
4566,169
4566,187
4567,169
4567,128
4568,076
4569,048
4570,055
4570,169
4571,224
4572,169
4572,042
4573,169
4573,002
4574,187
4574,169
4575,169
4576,178
4577,169
4578,169
4579,224
4580,169
4580,179
4581,128
4582,048
4583,076
4583,179
4584,076
4584,169
4585,169
4585,142
4586,169
4586,226
4587,178
4587,128
4588,076
4589,129
4589,222
4590,134
4590,113
4591,169
4591,163
4592,222
4593,163
4594,055
4594,169
4595,169
4596,169
4596,163
4597,169
4597,179
4598,025
4599,042
4600,169
4601,163
4602,142
4602,169
4603,169
4603,076
4604,169
4605,169
4606,169
4607,169
4607,178
4608,169
4609,187
4610,076
4611,169
4612,224
4613,128
4614,008
4615,178
4616,178
4617,163
4618,224
4619,169
4620,064
4620,169
4621,076
4622,222
4623,169
4623,042
4624,169
4625,169
4625,028
4626,169
4627,169
4628,163
4628,169
4629,076
4629,142
4630,129
4630,169
4631,169
4632,178
4633,224
4634,172
4634,169
4635,169
4636,169
4637,142
4637,169
4638,178
4639,046
4639,169
4640,169
4640,187
4641,128
4641,179
4642,178
4643,178
4643,179
4644,224
4645,169
4645,042
4646,008
4647,113
4647,169
4648,169
4649,169
4650,061
4650,134
4651,129
4652,169
4652,222
4653,142
4653,226
4654,169
4654,061
4655,178
4655,179
4656,133
4656,129
4657,169
4658,134
4659,142
4659,174
4660,076
4660,042
4661,076
4662,169
4663,063
4664,169
4665,025
4666,055
4666,169
4667,105
4667,009
4668,142
4669,113
4669,179
4670,038
4670,186
4671,230
4671,169
4672,028
4673,169
4674,169
4675,178
4676,169
4677,048
4677,222
4678,224
4679,169
4680,179
4680,113
4681,134
4681,222
4682,224
4683,060
4683,179
4684,169
4684,113
4685,172
4685,042
4686,178
4686,174
4687,126
4687,109
4688,172
4688,060
4689,179
4689,046
4690,172
4690,169
4691,038
4691,009
4692,172
4692,134
4693,169
4694,113
4695,163
4696,169
4697,048
4698,163
4698,042
4699,163
4700,163
4701,169
4701,055
4702,169
4703,169
4703,046
4704,169
4705,169
4705,222
4706,187
4707,095
4708,089
4709,136
4710,113
4711,113
4712,066
4713,222
4714,222
4715,119
4716,148
4717,069
4718,084
4719,182
4720,069
4721,182
4722,215
4723,210
4724,101
4725,182
4726,029
4727,182
4728,182
4729,147
4730,182
4731,229
4732,182
4733,182
4734,148
4735,225
4736,116
4737,084
4738,192
4739,236
4740,116
4741,124
4742,084
4743,065
4744,235
4745,113
4746,116
4747,117
4748,038
4749,192
4750,038
4751,113
4752,213
4753,206
4754,065
4755,116
4756,206
4757,006
4758,124
4759,225
4760,084
4761,079
4762,225
4763,225
4764,113
4765,211
4766,117
4767,220
4768,117
4769,038
4770,116
4771,192
4772,235
4773,065
4774,113
4775,227
4776,065
4777,038
4778,038
4779,206
4780,206
4781,116
4782,038
4783,192
4784,235
4785,225
4786,168
4787,156
4788,235
4789,074
4790,116
4791,113
4792,084
4793,122
4794,113
4795,116
4796,206
4797,038
4798,156
4799,235
4800,084
4801,156
4802,199
4803,084
4804,154
4805,168
4806,113
4807,113
4808,168
4809,084
4810,199
4811,154
4812,113
4813,156
4814,192
4815,168
4816,206
4817,213
4818,236
4819,225
4820,065
4821,116
4822,168
4823,116
4824,236
4825,113
4826,065
4827,117
4828,122
4829,206
4830,164
4831,168
4832,236
4833,156
4834,235
4835,192
4836,156
4837,206
4838,074
4839,065
4840,192
4841,225
4842,168
4843,192
4844,116
4845,199
4846,192
4847,168
4848,235
4849,225
4850,164
4851,236
4852,225
4853,192
4854,117
4855,116
4856,117
4857,116
4858,116
4859,117
4860,184
4861,192
4862,065
4863,231
4864,113
4865,236
4866,117
4867,122
4868,084
4869,038
4870,065
4871,074
4872,117
4873,117
4874,206
4875,225
4876,117
4877,117
4878,113
4879,192
4880,038
4881,117
4882,084
4883,037
4884,116
4885,084
4886,225
4887,164
4888,192
4889,154
4890,227
4891,220
4892,192
4893,168
4894,153
4895,227
4896,153
4897,084
4898,116
4899,038
4900,038
4901,117
4902,192
4903,113
4904,084
4905,117
4906,124
4907,225
4908,168
4909,236
4910,038
4911,084
4912,168
4913,038
4914,117
4915,168
4916,206
4917,116
4918,164
4919,038
4920,065
4921,220
4922,117
4923,117
4924,117
4925,084
4926,168
4927,116
4928,117
4929,117
4930,164
4931,084
4932,038
4933,113
4934,124
4935,105
4936,117
4937,116
4938,124
4939,084
4940,236
4941,225
4942,116
4943,227
4944,117
4945,026
4946,109
4946,089
4947,038
4947,186
4948,138
4949,038
4949,186
4950,038
4950,169
4951,138
4951,169
4952,231
4952,148
4953,231
4953,195
4954,113
4954,026
4955,026
4956,178
4957,231
4957,046
4958,107
4958,216
4959,138
4959,214
4960,117
4961,138
4962,038
4962,069
4963,038
4963,069
4964,117
4964,206
4965,138
4965,169
4966,138
4967,038
4967,074
4968,138
4968,169
4969,215
4970,117
4970,168
4971,026
4972,138
4973,026
4974,014
4975,038
4975,186
4976,038
4976,186
4977,038
4977,182
4978,038
4978,069
4979,117
4979,168
4980,138
4980,169
4981,138
4981,169
4982,014
4982,169
4983,026
4983,004
4984,113
4984,164
4985,138
4986,046
4986,109
4987,138
4988,026
4989,004
4990,159
4990,169
4991,117
4992,138
4993,038
4994,136
4995,176
4996,026
4996,164
4997,109
4998,209
4999,113
4999,076
5000,046
5001,197
5001,053
5002,026
5002,136
5003,113
5003,169
5004,136
5004,139
5005,046
5005,005
5006,004
5007,113
5008,138
5009,113
5009,224
5010,113
5011,113
5011,140
5012,138
5012,169
5013,228
5014,138
5014,046
5015,024
5016,113
5016,046
5017,004
5018,138
5019,117
5020,014
5021,081
5021,046
5022,027
5022,046
5023,228
5023,138
5024,009
5025,199
5026,138
5026,178
5027,164
5027,113
5028,038
5028,186
5029,038
5030,117
5030,168
5031,113
5032,105
5032,046
5033,136
5033,139
5034,178
5035,113
5036,046
5036,005
5037,138
5037,169
5038,078
5039,138
5039,178
5040,122
5040,073
5041,105
5041,091
5042,126
5043,020
5043,169
5044,046
5044,004
5045,138
5046,113
5047,178
5047,138
5048,139
5049,089
5049,009
5050,113
5050,169
5051,009
5051,209
5052,164
5052,113
5053,178
5054,089
5054,038
5055,091
5056,113
5056,169
5057,068
5057,004
5058,113
5058,164
5059,215
5060,113
5060,115
5061,117
5061,116
5062,138
5063,139
5064,038
5064,186
5065,038
5065,186
5066,138
5066,026
5067,164
5067,026
5068,178
5068,115
5069,201
5069,046
5070,038
5070,074
5071,026
5072,138
5072,169
5073,117
5073,116
5074,164
5074,113
5075,113
5076,084
5076,026
5077,026
5077,114
5078,046
5078,026
5079,122
5080,164
5080,115
5081,117
5081,116
5082,038
5082,069
5083,144
5083,150
5084,215
5084,046
5085,046
5086,038
5087,038
5087,029
5088,113
5088,169
5089,222
5090,169
5090,179
5091,134
5091,170
5092,169
5093,136
5093,169
5094,046
5094,142
5095,222
5096,029
5097,029
5098,029
5099,107
5100,036
5101,229
5102,148
5103,029
5104,029
5105,036
5106,148
5107,148
5108,029
5109,148
5110,029
5111,131
5112,148
5113,029
5114,233
5115,029
5116,186
5117,029
5118,148
5119,029
5120,149
5121,029
5122,188
5123,029
5124,186
5125,186
5126,029
5127,036
5128,222
5129,142
5130,207
5131,084
5132,207
5133,084
5134,142
5134,207
5135,046
5136,222
5137,122
5138,176
5139,142
5140,152
5140,142
5141,152
5141,046
5142,009
5143,142
5144,229
5145,142
5146,191
5147,067
5148,114
5148,142
5149,084
5150,178
5151,222
5152,084
5153,142
5154,113
5154,042
5155,042
5155,179
5156,191
5156,179
5157,191
5158,067
5159,222
5160,048
5160,169
5161,169
5162,048
5163,048
5164,169
5164,135
5165,136
5166,169
5167,222
5167,042
5168,178
5169,109
5170,222
5171,118
5172,203
5173,203
5174,229
5175,203
5176,203
5177,203
5178,188
5179,188
5180,188
5181,203
5182,029
5183,203
5184,203
5185,188
5186,203
5187,203
5188,203
5189,105
5190,030
5191,203
5192,131
5193,203
5194,203
5195,203
5196,160
5197,203
5198,160
5199,203
5200,079
5201,105
5202,117
5203,203
5204,203
5205,203
5206,203
5207,203
5208,203
5209,203
5210,203
5211,203
5212,203
5213,203
5214,131
5215,203
5216,203
5217,203
5218,203
5219,160
5220,203
5221,203
5222,105
5223,203
5224,105
5225,203
5226,215
5227,203
5228,203
5229,186
5230,203
5231,203
5232,203
5233,201
5234,203
5235,203
5236,203
5237,203
5238,203
5239,203
5240,203
5241,148
5242,209
5243,209
5244,190
5245,107
5246,239
5247,203
5248,203
5249,203
5250,105
5251,148
5252,209
5253,190
5254,203
5255,209
5256,203
5257,148
5258,018
5259,209
5260,203
5261,190
5262,148
5263,018
5264,119
5265,105
5266,182
5267,209
5268,009
5269,186
5270,069
5271,209
5272,209
5273,148
5274,203
5275,029
5276,229
5277,029
5278,209
5279,209
5280,203
5281,119
5282,203
5283,209
5284,203
5285,148
5286,203
5287,209
5288,203
5289,203
5290,203
5291,148
5292,045
5293,018
5294,103
5294,119
5295,209
5296,209
5297,148
5298,203
5299,203
5300,203
5301,203
5302,148
5303,209
5304,148
5305,190
5306,209
5307,203
5308,209
5309,203
5310,209
5311,209
5312,209
5313,119
5314,119
5315,209
5316,182
5317,203
5318,148
5319,069
5320,069
5321,203
5322,209
5323,229
5324,209
5325,018
5326,148
5327,097
5328,105
5329,203
5330,238
5331,113
5331,202
5332,113
5332,028
5333,138
5333,046
5334,004
5334,013
5335,038
5335,209
5336,131
5337,113
5338,113
5339,231
5339,142
5340,164
5341,215
5342,223
5342,169
5343,004
5343,113
5344,113
5344,115
5345,122
5345,014
5346,117
5346,168
5347,199
5348,113
5348,091
5349,215
5349,089
5350,139
5351,038
5351,186
5352,126
5352,089
5353,038
5353,186
5354,164
5355,197
5355,004
5356,215
5357,117
5357,192
5358,223
5358,169
5359,161
5359,139
5360,089
5360,009
5361,215
5362,113
5363,178
5364,201
5365,068
5366,046
5367,046
5367,050
5368,113
5368,115
5369,164
5370,024
5371,113
5371,115
5372,105
5372,169
5373,081
5373,009
5374,046
5375,038
5375,073
5376,165
5376,074
5377,219
5378,215
5379,138
5379,169
5380,046
5380,005
5381,131
5382,113
5382,187
5383,117
5383,050
5384,009
5385,197
5385,004
5386,139
5387,068
5388,138
5388,169
5389,038
5389,074
5390,178
5391,113
5391,115
5392,215
5393,038
5393,186
5394,009
5394,084
5395,164
5396,162
5396,126
5397,038
5397,182
5398,038
5398,186
5399,138
5399,169
5400,138
5400,169
5401,038
5401,074
5402,139
5403,046
5403,026
5404,125
5405,068
5406,117
5406,148
5407,004
5408,038
5408,186
5409,038
5409,103
5410,014
5411,004
5412,038
5412,046
5413,117
5413,225
5414,122
5414,229
5415,122
5416,122
5416,123
5417,095
5418,138
5419,139
5419,229
5420,034
5421,122
5421,004
5422,113
5423,138
5424,113
5424,115
5425,113
5426,138
5426,169
5427,038
5427,069
5428,054
5428,178
5429,228
5430,164
5431,117
5431,046
5432,038
5432,069
5433,113
5434,113
5434,174
5435,038
5435,029
5436,162
5436,037
5437,038
5437,186
5438,122
5439,138
5440,105
5441,162
5442,113
5442,115
5443,164
5443,115
5444,231
5445,046
5445,113
5446,231
5446,046
5447,066
5448,046
5449,004
5449,197
5450,113
5451,034
5451,169
5452,038
5452,046
5453,138
5453,046
5454,105
5455,113
5455,046
5456,084
5456,048
5457,038
5457,186
5458,004
5458,005
5459,122
5459,014
5460,197
5460,169
5461,136
5462,138
5462,046
5463,004
5463,038
5464,113
5465,038
5465,148
5466,113
5466,164
5467,197
5467,053
5468,105
5468,046
5469,004
5470,095
5470,169
5471,081
5471,046
5472,091
5472,077
5473,113
5474,004
5475,117
5475,116
5476,197
5476,053
5477,109
5477,009
5478,231
5479,014
5480,113
5480,004
5481,138
5482,138
5483,014
5484,091
5484,016
5485,138
5485,169
5486,046
5486,004
5487,178
5488,138
5489,215
5489,046
5490,138
5491,105
5491,146
5492,199
5492,015
5493,138
5494,046
5495,162
5495,126
5496,199
5496,200
5497,004
5497,115
5498,091
5498,005
5499,138
5500,004
5500,046
5501,138
5502,091
5503,164
5503,113
5504,138
5504,169
5505,138
5506,113
5506,004
5507,089
5507,046
5508,215
5509,012
5510,122
5510,004
5511,164
5511,004
5512,136
5512,005
5513,091
5514,004
5515,136
5515,005
5516,162
5516,194
5517,125
5518,228
5518,229
5519,138
5520,004
5520,046
5521,009
5522,138
5523,109
5523,004
5524,197
5525,164
5525,113
5526,004
5527,001
5528,199
5529,078
5529,169
5530,178
5530,004
5531,195
5531,125
5532,078
5532,169
5533,084
5534,113
5535,014
5535,004
5536,009
5536,195
5537,031
5537,169
5538,136
5539,009
5539,186
5540,113
5541,078
5541,169
5542,136
5543,164
5544,117
5544,168
5545,223
5546,197
5546,169
5547,038
5547,046
5548,046
5549,131
5550,046
5550,013
5551,105
5551,046
5552,199
5553,134
5554,050
5555,134
5556,142
5557,043
5558,143
5559,046
5560,043
5561,050
5562,143
5563,109
5564,142
5565,142
5566,084
5567,043
5568,042
5569,142
5570,042
5571,048
5572,038
5573,142
5574,136
5574,199
5575,009
5575,038
5576,142
5576,063
5577,143
5578,048
5579,043
5580,038
5581,042
5582,136
5582,115
5583,142
5584,158
5585,232
5586,107
5587,222
5588,043
5589,142
5590,142
5591,009
5592,143
5593,084
5593,143
5594,046
5595,199
5596,042
5597,009
5598,084
5598,142
5599,232
5600,136
5601,142
5601,232
5602,134
5602,042
5603,142
5604,179
5604,046
5605,048
5605,179
5606,050
5607,143
5608,143
5609,048
5609,050
5610,143
5611,084
5612,169
5613,169
5614,009
5615,134
5616,009
5616,010
5617,142
5618,222
5619,134
5620,134
5621,134
5622,134
5623,143
5624,142
5624,136
5625,042
5626,142
5627,143
5628,050
5628,143
5629,169
5630,048
5630,169
5631,084
5632,109
5632,011
5633,142
5634,134
5635,143
5635,109
5636,143
5637,178
5638,142
5638,143
5639,050
5640,109
5640,139
5641,042
5642,143
5642,109
5643,222
5644,142
5645,222
5646,142
5647,222
5647,043
5648,134
5649,142
5650,222
5651,142
5652,142
5653,158
5654,109
5654,142
5655,143
5656,048
5656,063
5657,142
5658,136
5659,046
5660,142
5661,143
5662,134
5663,169
5664,143
5665,143
5666,142
5667,048
5668,048
5669,038
5669,186
5670,222
5671,046
5671,109
5672,135
5673,084
5674,136
5674,042
5675,084
5675,222
5676,222
5676,048
5677,113
5678,179
5678,142
5679,048
5679,109
5680,042
5681,085
5681,084
5682,222
5682,178
5683,222
5683,048
5684,109
5684,169
5685,048
5685,222
5686,222
5686,208
5687,048
5688,042
5689,208
5690,048
5690,002
5691,084
5692,048
5693,169
5693,042
5694,134
5694,142
5695,169
5696,043
5697,048
5697,134
5698,109
5699,142
5700,142
5700,134
5701,048
5702,043
5703,136
5704,134
5704,136
5705,169
5705,109
5706,113
5706,169
5707,215
5708,042
5709,134
5710,109
5710,208
5711,134
5711,222
5712,208
5713,042
5714,169
5714,179
5715,009
5716,109
5717,134
5717,109
5718,048
5718,142
5719,222
5719,208
5720,048
5720,222
5721,179
5721,222
5722,048
5722,169
5723,178
5724,012
5725,222
5725,048
5726,117
5727,222
5728,169
5728,222
5729,222
5730,136
5731,143
5732,048
5732,109
5733,109
5734,222
5734,134
5735,222
5736,228
5737,135
5738,169
5739,109
5739,048
5740,222
5741,084
5741,134
5742,222
5742,208
5743,048
5744,222
5744,109
5745,142
5746,142
5747,134
5747,222
5748,169
5748,134
5749,048
5749,109
5750,142
5751,169
5751,222
5752,042
5752,134
5753,109
5753,208
5754,113
5755,048
5756,109
5757,222
5757,134
5758,208
5758,222
5759,043
5760,050
5760,142
5761,142
5762,222
5763,109
5763,134
5764,109
5764,179
5765,113
5766,048
5766,109
5767,222
5767,048
5768,208
5768,134
5769,048
5770,048
5770,142
5771,222
5771,109
5772,048
5773,142
5774,048
5774,222
5775,113
5776,043
5777,208
5777,136
5778,084
5778,042
5779,048
5780,084
5781,222
5782,048
5782,222
5783,043
5783,222
5784,222
5784,043
5785,042
5785,134
5786,222
5787,117
5787,206
5788,109
5789,042
5790,109
5790,222
5791,208
5792,109
5792,222
5793,048
5794,084
5794,046
5795,048
5795,208
5796,109
5796,134
5797,142
5797,134
5798,169
5798,222
5799,048
5800,228
5800,108
5801,050
5801,232
5802,134
5802,169
5803,048
5803,042
5804,048
5805,142
5805,222
5806,050
5806,134
5807,142
5808,142
5809,134
5810,142
5811,222
5812,142
5813,142
5814,222
5815,222
5815,042
5816,142
5817,050
5818,142
5819,142
5820,142
5821,142
5822,142
5823,142
5824,142
5825,142
5826,178
5827,232
5828,222
5829,142
5830,142
5831,222
5832,142
5833,142
5834,142
5835,142
5836,222
5837,142
5838,142
5839,117
5840,222
5841,142
5842,095
5843,142
5843,033
5844,142
5845,222
5846,142
5846,222
5847,042
5848,142
5849,222
5849,042
5850,222
5851,142
5852,222
5853,142
5854,142
5855,222
5856,096
5857,222
5858,142
5859,142
5859,169
5860,222
5861,142
5862,169
5863,142
5864,142
5865,142
5866,142
5867,142
5868,142
5869,003
5869,222
5870,142
5871,142
5872,222
5873,222
5874,142
5875,142
5875,050
5876,178
5876,142
5877,222
5877,003
5878,134
5879,142
5880,142
5881,057
5882,142
5883,222
5884,142
5885,222
5886,222
5887,222
5888,142
5889,222
5890,169
5891,222
5892,142
5893,142
5894,142
5895,142
5896,142
5897,142
5898,142
5899,222
5899,169
5900,222
5901,042
5902,167
5902,142
5903,142
5904,142
5905,142
5906,222
5906,003
5907,113
5908,142
5909,142
5910,134
5911,222
5912,231
5913,142
5914,142
5915,142
5916,142
5917,142
5918,062
5919,222
5920,142
5921,142
5922,042
5923,142
5924,142
5925,134
5926,142
5927,142
5928,142
5929,142
5930,222
5931,142
5932,222
5933,222
5934,050
5935,134
5936,222
5937,142
5938,142
5939,222
5940,142
5941,142
5942,142
5943,142
5944,142
5945,142
5946,222
5947,122
5948,142
5949,142
5949,048
5950,222
5951,142
5952,178
5953,142
5954,222
5954,142
5955,169
5956,142
5957,169
5958,142
5959,142
5960,222
5961,142
5962,142
5963,222
5963,048
5964,038
5964,009
5965,142
5966,142
5967,142
5968,142
5969,142
5970,142
5971,142
5972,134
5973,042
5974,048
5975,178
5976,136
5977,142
5978,142
5979,142
5980,142
5981,222
5982,142
5983,050
5983,142
5984,222
5985,222
5986,142
5987,134
5987,048
5988,142
5989,222
5990,142
5991,222
5992,169
5993,222
5993,142
5994,050
5995,222
5996,169
5997,142
5998,142
5999,142
6000,134
6001,142
6002,222
6003,142
6004,136
6005,142
6006,222
6006,048
6007,222
6008,142
6009,117
6010,050
6011,178
6012,142
6013,142
6014,222
6015,142
6016,009
6017,142
6018,142
6019,042
6020,142
6021,222
6022,222
6023,222
6024,222
6025,222
6026,134
6027,003
6028,142
6029,142
6029,222
6030,222
6030,134
6031,222
6032,142
6033,142
6033,134
6034,142
6035,222
6035,142
6036,142
6037,142
6038,142
6039,222
6040,142
6040,178
6041,142
6042,142
6043,142
6044,142
6045,142
6045,042
6046,142
6047,142
6048,142
6049,142
6050,142
6051,142
6052,222
6053,142
6054,142
6054,134
6055,048
6056,142
6057,003
6057,222
6058,222
6059,047
6060,222
6061,178
6061,222
6062,222
6063,222
6064,142
6065,142
6066,142
6067,142
6068,222
6069,142
6070,142
6071,142
6072,142
6073,142
6074,142
6074,050
6075,222
6076,142
6077,142
6078,142
6079,142
6079,048
6080,222
6080,059
6081,142
6082,047
6083,142
6084,050
6085,142
6086,222
6086,134
6087,142
6088,142
6089,222
6090,222
6091,142
6092,142
6093,142
6094,142
6095,142
6096,222
6097,142
6098,142
6099,222
6100,142
6101,142
6102,142
6103,167
6104,134
6105,117
6106,142
6107,142
6108,222
6109,142
6110,142
6111,142
6112,142
6113,142
6114,142
6115,142
6116,142
6117,134
6118,046
6118,179
6119,222
6120,142
6121,142
6122,142
6123,142
6124,142
6125,222
6126,142
6127,142
6128,142
6129,222
6130,134
6130,142
6131,222
6132,222
6133,142
6134,142
6134,134
6135,142
6136,142
6137,142
6138,142
6139,117
6140,136
6141,142
6142,222
6143,142
6144,142
6145,142
6146,222
6147,142
6148,222
6149,142
6150,222
6151,142
6152,142
6153,134
6153,142
6154,142
6155,142
6156,142
6157,167
6158,222
6159,142
6160,142
6161,222
6162,117
6163,142
6164,222
6165,142
6166,142
6167,142
6168,142
6169,142
6169,003
6170,134
6171,222
6172,050
6173,050
6174,142
6175,222
6176,222
6177,222
6177,142
6178,142
6179,142
6180,142
6181,042
6182,134
6183,142
6184,222
6185,038
6186,222
6187,222
6188,222
6189,142
6190,021
6191,142
6192,142
6193,142
6194,142
6195,222
6195,167
6196,222
6197,142
6197,222
6198,142
6199,142
6200,142
6201,142
6202,142
6202,222
6203,142
6204,142
6205,142
6206,142
6207,142
6208,134
6209,142
6210,009
6211,142
6212,033
6213,222
6214,222
6215,222
6215,142
6216,142
6217,134
6218,222
6219,142
6220,142
6221,042
6222,142
6222,222
6223,222
6224,142
6225,142
6226,142
6227,134
6228,142
6229,222
6230,142
6231,178
6232,142
6233,142
6233,050
6234,222
6235,142
6236,142
6237,134
6238,222
6239,142
6240,113
6241,142
6242,011
6243,222
6244,222
6245,142
6246,142
6247,050
6248,142
6249,222
6249,048
6250,222
6251,169
6252,222
6253,142
6254,222
6255,167
6256,222
6257,222
6258,142
6259,142
6260,142
6261,134
6261,142
6262,142
6263,142
6264,050
6265,142
6266,142
6267,222
6268,048
6268,142
6269,142
6270,175
6271,134
6272,142
6273,222
6274,142
6275,222
6276,222
6277,142
6277,134
6278,142
6279,142
6280,222
6281,178
6282,142
6282,003
6283,003
6283,048
6284,222
6285,015
6285,142
6286,222
6287,142
6287,222
6288,142
6289,178
6290,142
6291,134
6292,222
6293,142
6294,142
6295,142
6296,009
6297,142
6298,142
6299,142
6300,222
6301,142
6302,142
6303,142
6304,142
6305,222
6305,048
6306,222
6306,142
6307,042
6308,222
6309,052
6310,169
6311,142
6312,099
6312,096
6313,142
6314,117
6315,142
6316,183
6317,169
6318,222
6318,142
6319,048
6319,134
6320,043
6320,042
6321,183
6321,048
6322,096
6322,042
6323,169
6323,222
6324,143
6325,142
6326,143
6327,158
6327,229
6328,042
6328,222
6329,222
6330,222
6330,084
6331,142
6332,043
6333,113
6333,143
6334,178
6334,042
6335,046
6335,084
6336,136
6336,134
6337,134
6338,142
6338,113
6339,048
6339,134
6340,215
6341,085
6342,038
6343,222
6344,222
6345,042
6346,222
6346,084
6347,142
6348,134
6348,042
6349,222
6349,019
6350,042
6351,179
6352,042
6353,134
6354,134
6355,019
6355,042
6356,169
6356,042
6357,085
6358,143
6359,048
6360,048
6361,134
6361,052
6362,142
6363,169
6363,042
6364,142
6365,038
6366,083
6366,169
6367,222
6368,038
6368,186
6369,143
6370,142
6371,113
6372,222
6372,134
6373,143
6374,042
6375,142
6375,179
6376,222
6377,222
6378,142
6379,142
6379,042
6380,134
6381,085
6382,042
6383,222
6384,215
6385,048
6385,222
6386,142
6387,042
6387,048
6388,019
6389,127
6390,052
6391,084
6392,113
6393,085
6394,043
6395,043
6395,048
6396,043
6397,096
6397,222
6398,062
6398,048
6399,143
6400,222
6400,143
6401,222
6401,043
6402,222
6402,048
6403,143
6404,142
6405,158
6405,229
6406,143
6406,136
6407,042
6407,019
6408,199
6409,142
6410,042
6411,215
6411,009
6412,232
6413,042
6413,169
6414,143
6415,134
6416,143
6417,135
6418,231
6419,179
6419,222
6420,038
6420,186
6421,222
6421,043
6422,042
6423,042
6424,179
6424,048
6425,019
6426,113
6427,222
6428,113
6429,199
6429,183
6430,222
6431,142
6432,134
6433,215
6434,113
6435,134
6436,127
6437,134
6438,135
6438,042
6439,142
6439,143
6440,113
6441,142
6442,222
6443,134
6443,142
6444,222
6444,143
6445,143
6446,113
6447,222
6447,042
6448,042
6449,042
6450,099
6451,142
6452,134
6453,122
6453,009
6454,142
6455,038
6456,042
6457,169
6457,042
6458,113
6459,199
6460,127
6461,109
6462,142
6463,020
6463,046
6464,135
6465,142
6466,142
6467,134
6467,099
6468,020
6469,113
6470,142
6471,135
6471,109
6472,162
6472,134
6473,020
6474,020
6475,020
6476,113
6477,113
6478,020
6479,136
6480,142
6481,020
6482,122
6483,020
6484,113
6485,142
6486,020
6487,020
6488,085
6489,113
6490,178
6491,109
6492,142
6493,020
6494,113
6494,050
6495,084
6496,050
6496,134
6497,165
6497,142
6498,050
6498,165
6499,084
6500,135
6500,222
6501,165
6501,222
